source_url,dest_url,raw_href
https://www.the-pool-lab.com/,https://www.the-pool-lab.com/,/
https://www.the-pool-lab.com/,https://www.the-pool-lab.com/,/
https://www.the-pool-lab.com/,https://www.the-pool-lab.com/reviews,/reviews
https://www.the-pool-lab.com/,https://www.the-pool-lab.com/best-of,/best-of
https://www.the-pool-lab.com/,https://www.the-pool-lab.com/guides,/guides
https://www.the-pool-lab.com/,https://www.the-pool-lab.com/about,/about
https://www.the-pool-lab.com/,https://www.the-pool-lab.com/reviews,/reviews
https://www.the-pool-lab.com/,https://www.the-pool-lab.com/blog/robotic-pool-cleaner-weight-why-it-matters,/blog/robotic-pool-cleaner-weight-why-it-matters
https://www.the-pool-lab.com/,https://www.the-pool-lab.com/blog/robotic-pool-cleaner-weight-why-it-matters,/blog/robotic-pool-cleaner-weight-why-it-matters
https://www.the-pool-lab.com/,https://www.the-pool-lab.com/blog/corded-vs-cordless-robotic-pool-cleaners,/blog/corded-vs-cordless-robotic-pool-cleaners
https://www.the-pool-lab.com/,https://www.the-pool-lab.com/blog/corded-vs-cordless-robotic-pool-cleaners,/blog/corded-vs-cordless-robotic-pool-cleaners
https://www.the-pool-lab.com/,https://www.the-pool-lab.com/blog/how-to-choose-the-right-robotic-pool-cleaner-for-your-pool,/blog/how-to-choose-the-right-robotic-pool-cleaner-for-your-pool
https://www.the-pool-lab.com/,https://www.the-pool-lab.com/blog/how-to-choose-the-right-robotic-pool-cleaner-for-your-pool,/blog/how-to-choose-the-right-robotic-pool-cleaner-for-your-pool
https://www.the-pool-lab.com/,https://www.the-pool-lab.com/blog/dolphin-nautilus-cc-plus-vs-dolphin-premier,/blog/dolphin-nautilus-cc-plus-vs-dolphin-premier
https://www.the-pool-lab.com/,https://www.the-pool-lab.com/blog/dolphin-nautilus-cc-plus-vs-dolphin-premier,/blog/dolphin-nautilus-cc-plus-vs-dolphin-premier
https://www.the-pool-lab.com/,https://www.the-pool-lab.com/blog/corded-vs-cordless-robotic-pool-cleaners-for-large-pools,/blog/corded-vs-cordless-robotic-pool-cleaners-for-large-pools
https://www.the-pool-lab.com/,https://www.the-pool-lab.com/blog/corded-vs-cordless-robotic-pool-cleaners-for-large-pools,/blog/corded-vs-cordless-robotic-pool-cleaners-for-large-pools
https://www.the-pool-lab.com/,https://www.the-pool-lab.com/blog/polaris-vs-dolphin-robotic-pool-cleaners,/blog/polaris-vs-dolphin-robotic-pool-cleaners
https://www.the-pool-lab.com/,https://www.the-pool-lab.com/blog/polaris-vs-dolphin-robotic-pool-cleaners,/blog/polaris-vs-dolphin-robotic-pool-cleaners
https://www.the-pool-lab.com/,https://www.the-pool-lab.com/blog/best-robotic-pool-cleaner-for-large-pools,/blog/best-robotic-pool-cleaner-for-large-pools
https://www.the-pool-lab.com/,https://www.the-pool-lab.com/blog/best-robotic-pool-cleaner-for-large-pools,/blog/best-robotic-pool-cleaner-for-large-pools
https://www.the-pool-lab.com/,https://www.the-pool-lab.com/blog/best-robotic-pool-cleaner-for-deep-pools,/blog/best-robotic-pool-cleaner-for-deep-pools
https://www.the-pool-lab.com/,https://www.the-pool-lab.com/blog/best-robotic-pool-cleaner-for-deep-pools,/blog/best-robotic-pool-cleaner-for-deep-pools
https://www.the-pool-lab.com/,https://www.the-pool-lab.com/blog/dolphin-nautilus-cc-plus-vs-polaris-9650iq-sport,/blog/dolphin-nautilus-cc-plus-vs-polaris-9650iq-sport
https://www.the-pool-lab.com/,https://www.the-pool-lab.com/blog/dolphin-nautilus-cc-plus-vs-polaris-9650iq-sport,/blog/dolphin-nautilus-cc-plus-vs-polaris-9650iq-sport
https://www.the-pool-lab.com/,https://www.the-pool-lab.com/blog/robotic-pool-cleaners-for-leaves-vs-fine-debris,/blog/robotic-pool-cleaners-for-leaves-vs-fine-debris
https://www.the-pool-lab.com/,https://www.the-pool-lab.com/blog/robotic-pool-cleaners-for-leaves-vs-fine-debris,/blog/robotic-pool-cleaners-for-leaves-vs-fine-debris
https://www.the-pool-lab.com/,https://www.the-pool-lab.com/blog/do-robotic-pool-cleaners-clean-walls-and-waterlines,/blog/do-robotic-pool-cleaners-clean-walls-and-waterlines
https://www.the-pool-lab.com/,https://www.the-pool-lab.com/blog/do-robotic-pool-cleaners-clean-walls-and-waterlines,/blog/do-robotic-pool-cleaners-clean-walls-and-waterlines
https://www.the-pool-lab.com/,https://www.the-pool-lab.com/blog/why-you-need-a-robot-pool-cleaner,/blog/why-you-need-a-robot-pool-cleaner
https://www.the-pool-lab.com/,https://www.the-pool-lab.com/blog/why-you-need-a-robot-pool-cleaner,/blog/why-you-need-a-robot-pool-cleaner
https://www.the-pool-lab.com/,https://www.the-pool-lab.com/blog/top-5-features-to-look-for,/blog/top-5-features-to-look-for
https://www.the-pool-lab.com/,https://www.the-pool-lab.com/blog/top-5-features-to-look-for,/blog/top-5-features-to-look-for
https://www.the-pool-lab.com/,https://www.the-pool-lab.com/best-of,/best-of
https://www.the-pool-lab.com/,https://www.the-pool-lab.com/guides/maintenance-care,/guides/maintenance-care
https://www.the-pool-lab.com/,https://www.the-pool-lab.com/guides/cleaning-operation,/guides/cleaning-operation
https://www.the-pool-lab.com/about,https://www.the-pool-lab.com/,/
https://www.the-pool-lab.com/about,https://www.the-pool-lab.com/,/
https://www.the-pool-lab.com/about,https://www.the-pool-lab.com/reviews,/reviews
https://www.the-pool-lab.com/about,https://www.the-pool-lab.com/best-of,/best-of
https://www.the-pool-lab.com/about,https://www.the-pool-lab.com/guides,/guides
https://www.the-pool-lab.com/about,https://www.the-pool-lab.com/about,/about
https://www.the-pool-lab.com/guides,https://www.the-pool-lab.com/,/
https://www.the-pool-lab.com/guides,https://www.the-pool-lab.com/,/
https://www.the-pool-lab.com/guides,https://www.the-pool-lab.com/reviews,/reviews
https://www.the-pool-lab.com/guides,https://www.the-pool-lab.com/best-of,/best-of
https://www.the-pool-lab.com/guides,https://www.the-pool-lab.com/guides,/guides
https://www.the-pool-lab.com/guides,https://www.the-pool-lab.com/about,/about
https://www.the-pool-lab.com/guides,https://www.the-pool-lab.com/guides/buying-guides,/guides/buying-guides
https://www.the-pool-lab.com/guides,https://www.the-pool-lab.com/guides/cleaning-operation,/guides/cleaning-operation
https://www.the-pool-lab.com/guides,https://www.the-pool-lab.com/guides/maintenance-care,/guides/maintenance-care
https://www.the-pool-lab.com/reviews,https://www.the-pool-lab.com/,/
https://www.the-pool-lab.com/reviews,https://www.the-pool-lab.com/,/
https://www.the-pool-lab.com/reviews,https://www.the-pool-lab.com/reviews,/reviews
https://www.the-pool-lab.com/reviews,https://www.the-pool-lab.com/best-of,/best-of
https://www.the-pool-lab.com/reviews,https://www.the-pool-lab.com/guides,/guides
https://www.the-pool-lab.com/reviews,https://www.the-pool-lab.com/about,/about
https://www.the-pool-lab.com/reviews,https://www.the-pool-lab.com/reviews/Dolphin-Nautilus-CC-Plus,/reviews/Dolphin-Nautilus-CC-Plus
https://www.the-pool-lab.com/reviews,https://www.the-pool-lab.com/reviews/Dolphin-Premier,/reviews/Dolphin-Premier
https://www.the-pool-lab.com/reviews,https://www.the-pool-lab.com/reviews/Dolphin-Nautilus-Titan,/reviews/Dolphin-Nautilus-Titan
https://www.the-pool-lab.com/reviews,https://www.the-pool-lab.com/reviews/Dolphin-Sigma,/reviews/Dolphin-Sigma
https://www.the-pool-lab.com/reviews,https://www.the-pool-lab.com/reviews/Polaris-9650iQ-Sport,/reviews/Polaris-9650iQ-Sport
https://www.the-pool-lab.com/reviews,https://www.the-pool-lab.com/reviews/Polaris-F9550-Sport,/reviews/Polaris-F9550-Sport
https://www.the-pool-lab.com/reviews,https://www.the-pool-lab.com/reviews/Polaris-P39,/reviews/Polaris-P39
https://www.the-pool-lab.com/reviews,https://www.the-pool-lab.com/reviews/Hayward-TigerShark-QC,/reviews/Hayward-TigerShark-QC
https://www.the-pool-lab.com/reviews,https://www.the-pool-lab.com/reviews/Hayward-SharkVac-XL,/reviews/Hayward-SharkVac-XL
https://www.the-pool-lab.com/reviews,https://www.the-pool-lab.com/reviews/Hayward-W3PVS20JST-Poolvergnuegen,/reviews/Hayward-W3PVS20JST-Poolvergnuegen
https://www.the-pool-lab.com/reviews,https://www.the-pool-lab.com/reviews/Pentair-Prowler-930,/reviews/Pentair-Prowler-930
https://www.the-pool-lab.com/reviews,https://www.the-pool-lab.com/reviews/Aiper-Scuba-S1,/reviews/Aiper-Scuba-S1
https://www.the-pool-lab.com/reviews,https://www.the-pool-lab.com/reviews/Aiper-Seagull-Pro,/reviews/Aiper-Seagull-Pro
https://www.the-pool-lab.com/reviews,https://www.the-pool-lab.com/reviews/BWT-Pool-Robot-ES-Nano,/reviews/BWT-Pool-Robot-ES-Nano
https://www.the-pool-lab.com/reviews,https://www.the-pool-lab.com/reviews/Beatbot-AquaSense-2,/reviews/Beatbot-AquaSense-2
https://www.the-pool-lab.com/best-of,https://www.the-pool-lab.com/,/
https://www.the-pool-lab.com/best-of,https://www.the-pool-lab.com/,/
https://www.the-pool-lab.com/best-of,https://www.the-pool-lab.com/reviews,/reviews
https://www.the-pool-lab.com/best-of,https://www.the-pool-lab.com/best-of,/best-of
https://www.the-pool-lab.com/best-of,https://www.the-pool-lab.com/guides,/guides
https://www.the-pool-lab.com/best-of,https://www.the-pool-lab.com/about,/about
https://www.the-pool-lab.com/best-of,https://www.the-pool-lab.com/best-of/overall,/best-of/overall
https://www.the-pool-lab.com/best-of,https://www.the-pool-lab.com/best-of/value,/best-of/value
https://www.the-pool-lab.com/best-of,https://www.the-pool-lab.com/best-of/leaves,/best-of/leaves
https://www.the-pool-lab.com/best-of,https://www.the-pool-lab.com/best-of/above-ground,/best-of/above-ground
https://www.the-pool-lab.com/best-of,https://www.the-pool-lab.com/best-of/vinyl,/best-of/vinyl
https://www.the-pool-lab.com/best-of,https://www.the-pool-lab.com/best-of/inground,/best-of/inground
https://www.the-pool-lab.com/blog/robotic-pool-cleaner-weight-why-it-matters,https://www.the-pool-lab.com/,/
https://www.the-pool-lab.com/blog/robotic-pool-cleaner-weight-why-it-matters,https://www.the-pool-lab.com/,/
https://www.the-pool-lab.com/blog/robotic-pool-cleaner-weight-why-it-matters,https://www.the-pool-lab.com/reviews,/reviews
https://www.the-pool-lab.com/blog/robotic-pool-cleaner-weight-why-it-matters,https://www.the-pool-lab.com/best-of,/best-of
https://www.the-pool-lab.com/blog/robotic-pool-cleaner-weight-why-it-matters,https://www.the-pool-lab.com/guides,/guides
https://www.the-pool-lab.com/blog/robotic-pool-cleaner-weight-why-it-matters,https://www.the-pool-lab.com/about,/about
https://www.the-pool-lab.com/blog/robotic-pool-cleaner-weight-why-it-matters,https://www.the-pool-lab.com/,/
https://www.the-pool-lab.com/blog/robotic-pool-cleaner-weight-why-it-matters,https://www.the-pool-lab.com/blog/corded-vs-cordless-robotic-pool-cleaners,/blog/corded-vs-cordless-robotic-pool-cleaners
https://www.the-pool-lab.com/blog/robotic-pool-cleaner-weight-why-it-matters,https://www.the-pool-lab.com/reviews,/reviews
https://www.the-pool-lab.com/blog/robotic-pool-cleaners-for-leaves-vs-fine-debris,https://www.the-pool-lab.com/,/
https://www.the-pool-lab.com/blog/robotic-pool-cleaners-for-leaves-vs-fine-debris,https://www.the-pool-lab.com/,/
https://www.the-pool-lab.com/blog/robotic-pool-cleaners-for-leaves-vs-fine-debris,https://www.the-pool-lab.com/reviews,/reviews
https://www.the-pool-lab.com/blog/robotic-pool-cleaners-for-leaves-vs-fine-debris,https://www.the-pool-lab.com/best-of,/best-of
https://www.the-pool-lab.com/blog/robotic-pool-cleaners-for-leaves-vs-fine-debris,https://www.the-pool-lab.com/guides,/guides
https://www.the-pool-lab.com/blog/robotic-pool-cleaners-for-leaves-vs-fine-debris,https://www.the-pool-lab.com/about,/about
https://www.the-pool-lab.com/blog/robotic-pool-cleaners-for-leaves-vs-fine-debris,https://www.the-pool-lab.com/,/
https://www.the-pool-lab.com/blog/robotic-pool-cleaners-for-leaves-vs-fine-debris,https://www.the-pool-lab.com/reviews,/reviews
https://www.the-pool-lab.com/blog/corded-vs-cordless-robotic-pool-cleaners,https://www.the-pool-lab.com/,/
https://www.the-pool-lab.com/blog/corded-vs-cordless-robotic-pool-cleaners,https://www.the-pool-lab.com/,/
https://www.the-pool-lab.com/blog/corded-vs-cordless-robotic-pool-cleaners,https://www.the-pool-lab.com/reviews,/reviews
https://www.the-pool-lab.com/blog/corded-vs-cordless-robotic-pool-cleaners,https://www.the-pool-lab.com/best-of,/best-of
https://www.the-pool-lab.com/blog/corded-vs-cordless-robotic-pool-cleaners,https://www.the-pool-lab.com/guides,/guides
https://www.the-pool-lab.com/blog/corded-vs-cordless-robotic-pool-cleaners,https://www.the-pool-lab.com/about,/about
https://www.the-pool-lab.com/blog/corded-vs-cordless-robotic-pool-cleaners,https://www.the-pool-lab.com/,/
https://www.the-pool-lab.com/blog/corded-vs-cordless-robotic-pool-cleaners,https://www.the-pool-lab.com/blog/how-to-choose-the-right-robotic-pool-cleaner-for-your-pool,/blog/how-to-choose-the-right-robotic-pool-cleaner-for-your-pool
https://www.the-pool-lab.com/blog/corded-vs-cordless-robotic-pool-cleaners,https://www.the-pool-lab.com/blog/best-robotic-pool-cleaner-for-large-pools,/blog/best-robotic-pool-cleaner-for-large-pools
https://www.the-pool-lab.com/blog/corded-vs-cordless-robotic-pool-cleaners,https://www.the-pool-lab.com/blog/robotic-pool-cleaner-weight-why-it-matters,/blog/robotic-pool-cleaner-weight-why-it-matters
https://www.the-pool-lab.com/blog/corded-vs-cordless-robotic-pool-cleaners,https://www.the-pool-lab.com/blog/best-robotic-pool-cleaner-for-large-pools,/blog/best-robotic-pool-cleaner-for-large-pools
https://www.the-pool-lab.com/blog/corded-vs-cordless-robotic-pool-cleaners,https://www.the-pool-lab.com/blog/robotic-pool-cleaner-weight-why-it-matters,/blog/robotic-pool-cleaner-weight-why-it-matters
https://www.the-pool-lab.com/blog/corded-vs-cordless-robotic-pool-cleaners,https://www.the-pool-lab.com/reviews,/reviews
https://www.the-pool-lab.com/blog/do-robotic-pool-cleaners-clean-walls-and-waterlines,https://www.the-pool-lab.com/,/
https://www.the-pool-lab.com/blog/do-robotic-pool-cleaners-clean-walls-and-waterlines,https://www.the-pool-lab.com/,/
https://www.the-pool-lab.com/blog/do-robotic-pool-cleaners-clean-walls-and-waterlines,https://www.the-pool-lab.com/reviews,/reviews
https://www.the-pool-lab.com/blog/do-robotic-pool-cleaners-clean-walls-and-waterlines,https://www.the-pool-lab.com/best-of,/best-of
https://www.the-pool-lab.com/blog/do-robotic-pool-cleaners-clean-walls-and-waterlines,https://www.the-pool-lab.com/guides,/guides
https://www.the-pool-lab.com/blog/do-robotic-pool-cleaners-clean-walls-and-waterlines,https://www.the-pool-lab.com/about,/about
https://www.the-pool-lab.com/blog/do-robotic-pool-cleaners-clean-walls-and-waterlines,https://www.the-pool-lab.com/,/
https://www.the-pool-lab.com/blog/do-robotic-pool-cleaners-clean-walls-and-waterlines,https://www.the-pool-lab.com/reviews,/reviews
https://www.the-pool-lab.com/blog/why-you-need-a-robot-pool-cleaner,https://www.the-pool-lab.com/,/
https://www.the-pool-lab.com/blog/why-you-need-a-robot-pool-cleaner,https://www.the-pool-lab.com/,/
https://www.the-pool-lab.com/blog/why-you-need-a-robot-pool-cleaner,https://www.the-pool-lab.com/reviews,/reviews
https://www.the-pool-lab.com/blog/why-you-need-a-robot-pool-cleaner,https://www.the-pool-lab.com/best-of,/best-of
https://www.the-pool-lab.com/blog/why-you-need-a-robot-pool-cleaner,https://www.the-pool-lab.com/guides,/guides
https://www.the-pool-lab.com/blog/why-you-need-a-robot-pool-cleaner,https://www.the-pool-lab.com/about,/about
https://www.the-pool-lab.com/blog/why-you-need-a-robot-pool-cleaner,https://www.the-pool-lab.com/,/
https://www.the-pool-lab.com/blog/why-you-need-a-robot-pool-cleaner,https://www.the-pool-lab.com/reviews,/reviews
https://www.the-pool-lab.com/blog/top-5-features-to-look-for,https://www.the-pool-lab.com/,/
https://www.the-pool-lab.com/blog/top-5-features-to-look-for,https://www.the-pool-lab.com/,/
https://www.the-pool-lab.com/blog/top-5-features-to-look-for,https://www.the-pool-lab.com/reviews,/reviews
https://www.the-pool-lab.com/blog/top-5-features-to-look-for,https://www.the-pool-lab.com/best-of,/best-of
https://www.the-pool-lab.com/blog/top-5-features-to-look-for,https://www.the-pool-lab.com/guides,/guides
https://www.the-pool-lab.com/blog/top-5-features-to-look-for,https://www.the-pool-lab.com/about,/about
https://www.the-pool-lab.com/blog/top-5-features-to-look-for,https://www.the-pool-lab.com/,/
https://www.the-pool-lab.com/blog/top-5-features-to-look-for,https://www.the-pool-lab.com/reviews,/reviews
https://www.the-pool-lab.com/blog/how-to-choose-the-right-robotic-pool-cleaner-for-your-pool,https://www.the-pool-lab.com/,/
https://www.the-pool-lab.com/blog/how-to-choose-the-right-robotic-pool-cleaner-for-your-pool,https://www.the-pool-lab.com/,/
https://www.the-pool-lab.com/blog/how-to-choose-the-right-robotic-pool-cleaner-for-your-pool,https://www.the-pool-lab.com/reviews,/reviews
https://www.the-pool-lab.com/blog/how-to-choose-the-right-robotic-pool-cleaner-for-your-pool,https://www.the-pool-lab.com/best-of,/best-of
https://www.the-pool-lab.com/blog/how-to-choose-the-right-robotic-pool-cleaner-for-your-pool,https://www.the-pool-lab.com/guides,/guides
https://www.the-pool-lab.com/blog/how-to-choose-the-right-robotic-pool-cleaner-for-your-pool,https://www.the-pool-lab.com/about,/about
https://www.the-pool-lab.com/blog/how-to-choose-the-right-robotic-pool-cleaner-for-your-pool,https://www.the-pool-lab.com/,/
https://www.the-pool-lab.com/blog/how-to-choose-the-right-robotic-pool-cleaner-for-your-pool,https://www.the-pool-lab.com/blog/best-robotic-pool-cleaner-for-large-pools,/blog/best-robotic-pool-cleaner-for-large-pools
https://www.the-pool-lab.com/blog/how-to-choose-the-right-robotic-pool-cleaner-for-your-pool,https://www.the-pool-lab.com/blog/corded-vs-cordless-robotic-pool-cleaners,/blog/corded-vs-cordless-robotic-pool-cleaners
https://www.the-pool-lab.com/blog/how-to-choose-the-right-robotic-pool-cleaner-for-your-pool,https://www.the-pool-lab.com/blog/robotic-pool-cleaner-weight-why-it-matters,/blog/robotic-pool-cleaner-weight-why-it-matters
https://www.the-pool-lab.com/blog/how-to-choose-the-right-robotic-pool-cleaner-for-your-pool,https://www.the-pool-lab.com/blog/best-robotic-pool-cleaner-for-large-pools,/blog/best-robotic-pool-cleaner-for-large-pools
https://www.the-pool-lab.com/blog/how-to-choose-the-right-robotic-pool-cleaner-for-your-pool,https://www.the-pool-lab.com/blog/robotic-pool-cleaner-weight-why-it-matters,/blog/robotic-pool-cleaner-weight-why-it-matters
https://www.the-pool-lab.com/blog/how-to-choose-the-right-robotic-pool-cleaner-for-your-pool,https://www.the-pool-lab.com/blog/robotic-pool-cleaners-for-leaves-vs-fine-debris,/blog/robotic-pool-cleaners-for-leaves-vs-fine-debris
https://www.the-pool-lab.com/blog/how-to-choose-the-right-robotic-pool-cleaner-for-your-pool,https://www.the-pool-lab.com/blog/corded-vs-cordless-robotic-pool-cleaners,/blog/corded-vs-cordless-robotic-pool-cleaners
https://www.the-pool-lab.com/blog/how-to-choose-the-right-robotic-pool-cleaner-for-your-pool,https://www.the-pool-lab.com/blog/best-robotic-pool-cleaner-for-large-pools,/blog/best-robotic-pool-cleaner-for-large-pools
https://www.the-pool-lab.com/blog/how-to-choose-the-right-robotic-pool-cleaner-for-your-pool,https://www.the-pool-lab.com/blog/robotic-pool-cleaner-weight-why-it-matters,/blog/robotic-pool-cleaner-weight-why-it-matters
https://www.the-pool-lab.com/blog/how-to-choose-the-right-robotic-pool-cleaner-for-your-pool,https://www.the-pool-lab.com/blog/best-robotic-pool-cleaner-for-large-pools,/blog/best-robotic-pool-cleaner-for-large-pools
https://www.the-pool-lab.com/blog/how-to-choose-the-right-robotic-pool-cleaner-for-your-pool,https://www.the-pool-lab.com/blog/corded-vs-cordless-robotic-pool-cleaners,/blog/corded-vs-cordless-robotic-pool-cleaners
https://www.the-pool-lab.com/blog/how-to-choose-the-right-robotic-pool-cleaner-for-your-pool,https://www.the-pool-lab.com/blog/robotic-pool-cleaner-weight-why-it-matters,/blog/robotic-pool-cleaner-weight-why-it-matters
https://www.the-pool-lab.com/blog/how-to-choose-the-right-robotic-pool-cleaner-for-your-pool,https://www.the-pool-lab.com/reviews,/reviews
https://www.the-pool-lab.com/blog/dolphin-nautilus-cc-plus-vs-dolphin-premier,https://www.the-pool-lab.com/,/
https://www.the-pool-lab.com/blog/dolphin-nautilus-cc-plus-vs-dolphin-premier,https://www.the-pool-lab.com/,/
https://www.the-pool-lab.com/blog/dolphin-nautilus-cc-plus-vs-dolphin-premier,https://www.the-pool-lab.com/reviews,/reviews
https://www.the-pool-lab.com/blog/dolphin-nautilus-cc-plus-vs-dolphin-premier,https://www.the-pool-lab.com/best-of,/best-of
https://www.the-pool-lab.com/blog/dolphin-nautilus-cc-plus-vs-dolphin-premier,https://www.the-pool-lab.com/guides,/guides
https://www.the-pool-lab.com/blog/dolphin-nautilus-cc-plus-vs-dolphin-premier,https://www.the-pool-lab.com/about,/about
https://www.the-pool-lab.com/blog/dolphin-nautilus-cc-plus-vs-dolphin-premier,https://www.the-pool-lab.com/,/
https://www.the-pool-lab.com/blog/dolphin-nautilus-cc-plus-vs-dolphin-premier,https://www.the-pool-lab.com/reviews/Dolphin-Nautilus-CC-Plus,/reviews/Dolphin-Nautilus-CC-Plus
https://www.the-pool-lab.com/blog/dolphin-nautilus-cc-plus-vs-dolphin-premier,https://www.the-pool-lab.com/reviews/Dolphin-Premier,/reviews/Dolphin-Premier
https://www.the-pool-lab.com/blog/dolphin-nautilus-cc-plus-vs-dolphin-premier,https://www.the-pool-lab.com/best-of/value,/best-of/value
https://www.the-pool-lab.com/blog/dolphin-nautilus-cc-plus-vs-dolphin-premier,https://www.the-pool-lab.com/reviews/Dolphin-Nautilus-CC-Plus,/reviews/Dolphin-Nautilus-CC-Plus
https://www.the-pool-lab.com/blog/dolphin-nautilus-cc-plus-vs-dolphin-premier,https://www.the-pool-lab.com/reviews/Dolphin-Premier,/reviews/Dolphin-Premier
https://www.the-pool-lab.com/blog/dolphin-nautilus-cc-plus-vs-dolphin-premier,https://www.the-pool-lab.com/best-of/overall,/best-of/overall
https://www.the-pool-lab.com/blog/dolphin-nautilus-cc-plus-vs-dolphin-premier,https://www.the-pool-lab.com/best-of/value,/best-of/value
https://www.the-pool-lab.com/blog/dolphin-nautilus-cc-plus-vs-dolphin-premier,https://www.the-pool-lab.com/reviews,/reviews
https://www.the-pool-lab.com/blog/corded-vs-cordless-robotic-pool-cleaners-for-large-pools,https://www.the-pool-lab.com/,/
https://www.the-pool-lab.com/blog/corded-vs-cordless-robotic-pool-cleaners-for-large-pools,https://www.the-pool-lab.com/,/
https://www.the-pool-lab.com/blog/corded-vs-cordless-robotic-pool-cleaners-for-large-pools,https://www.the-pool-lab.com/reviews,/reviews
https://www.the-pool-lab.com/blog/corded-vs-cordless-robotic-pool-cleaners-for-large-pools,https://www.the-pool-lab.com/best-of,/best-of
https://www.the-pool-lab.com/blog/corded-vs-cordless-robotic-pool-cleaners-for-large-pools,https://www.the-pool-lab.com/guides,/guides
https://www.the-pool-lab.com/blog/corded-vs-cordless-robotic-pool-cleaners-for-large-pools,https://www.the-pool-lab.com/about,/about
https://www.the-pool-lab.com/blog/corded-vs-cordless-robotic-pool-cleaners-for-large-pools,https://www.the-pool-lab.com/,/
https://www.the-pool-lab.com/blog/corded-vs-cordless-robotic-pool-cleaners-for-large-pools,https://www.the-pool-lab.com/reviews,/reviews
https://www.the-pool-lab.com/blog/polaris-vs-dolphin-robotic-pool-cleaners,https://www.the-pool-lab.com/,/
https://www.the-pool-lab.com/blog/polaris-vs-dolphin-robotic-pool-cleaners,https://www.the-pool-lab.com/,/
https://www.the-pool-lab.com/blog/polaris-vs-dolphin-robotic-pool-cleaners,https://www.the-pool-lab.com/reviews,/reviews
https://www.the-pool-lab.com/blog/polaris-vs-dolphin-robotic-pool-cleaners,https://www.the-pool-lab.com/best-of,/best-of
https://www.the-pool-lab.com/blog/polaris-vs-dolphin-robotic-pool-cleaners,https://www.the-pool-lab.com/guides,/guides
https://www.the-pool-lab.com/blog/polaris-vs-dolphin-robotic-pool-cleaners,https://www.the-pool-lab.com/about,/about
https://www.the-pool-lab.com/blog/polaris-vs-dolphin-robotic-pool-cleaners,https://www.the-pool-lab.com/,/
https://www.the-pool-lab.com/blog/polaris-vs-dolphin-robotic-pool-cleaners,https://www.the-pool-lab.com/reviews/Dolphin-Nautilus-CC-Plus,/reviews/Dolphin-Nautilus-CC-Plus
https://www.the-pool-lab.com/blog/polaris-vs-dolphin-robotic-pool-cleaners,https://www.the-pool-lab.com/reviews/Dolphin-Premier,/reviews/Dolphin-Premier
https://www.the-pool-lab.com/blog/polaris-vs-dolphin-robotic-pool-cleaners,https://www.the-pool-lab.com/reviews/Polaris-9650iQ-Sport,/reviews/Polaris-9650iQ-Sport
https://www.the-pool-lab.com/blog/polaris-vs-dolphin-robotic-pool-cleaners,https://www.the-pool-lab.com/best-of/overall,/best-of/overall
https://www.the-pool-lab.com/blog/polaris-vs-dolphin-robotic-pool-cleaners,https://www.the-pool-lab.com/best-of/value,/best-of/value
https://www.the-pool-lab.com/blog/polaris-vs-dolphin-robotic-pool-cleaners,https://www.the-pool-lab.com/blog/corded-vs-cordless-robotic-pool-cleaners,/blog/corded-vs-cordless-robotic-pool-cleaners
https://www.the-pool-lab.com/blog/polaris-vs-dolphin-robotic-pool-cleaners,https://www.the-pool-lab.com/blog/dolphin-nautilus-cc-plus-vs-polaris-9650iq-sport,/blog/dolphin-nautilus-cc-plus-vs-polaris-9650iq-sport
https://www.the-pool-lab.com/blog/polaris-vs-dolphin-robotic-pool-cleaners,https://www.the-pool-lab.com/reviews/Dolphin-Nautilus-CC-Plus,/reviews/Dolphin-Nautilus-CC-Plus
https://www.the-pool-lab.com/blog/polaris-vs-dolphin-robotic-pool-cleaners,https://www.the-pool-lab.com/reviews/Dolphin-Premier,/reviews/Dolphin-Premier
https://www.the-pool-lab.com/blog/polaris-vs-dolphin-robotic-pool-cleaners,https://www.the-pool-lab.com/reviews/Polaris-9650iQ-Sport,/reviews/Polaris-9650iQ-Sport
https://www.the-pool-lab.com/blog/polaris-vs-dolphin-robotic-pool-cleaners,https://www.the-pool-lab.com/best-of/overall,/best-of/overall
https://www.the-pool-lab.com/blog/polaris-vs-dolphin-robotic-pool-cleaners,https://www.the-pool-lab.com/best-of/value,/best-of/value
https://www.the-pool-lab.com/blog/polaris-vs-dolphin-robotic-pool-cleaners,https://www.the-pool-lab.com/blog/dolphin-nautilus-cc-plus-vs-polaris-9650iq-sport,/blog/dolphin-nautilus-cc-plus-vs-polaris-9650iq-sport
https://www.the-pool-lab.com/blog/polaris-vs-dolphin-robotic-pool-cleaners,https://www.the-pool-lab.com/blog/corded-vs-cordless-robotic-pool-cleaners,/blog/corded-vs-cordless-robotic-pool-cleaners
https://www.the-pool-lab.com/blog/polaris-vs-dolphin-robotic-pool-cleaners,https://www.the-pool-lab.com/reviews,/reviews
https://www.the-pool-lab.com/blog/best-robotic-pool-cleaner-for-large-pools,https://www.the-pool-lab.com/,/
https://www.the-pool-lab.com/blog/best-robotic-pool-cleaner-for-large-pools,https://www.the-pool-lab.com/,/
https://www.the-pool-lab.com/blog/best-robotic-pool-cleaner-for-large-pools,https://www.the-pool-lab.com/reviews,/reviews
https://www.the-pool-lab.com/blog/best-robotic-pool-cleaner-for-large-pools,https://www.the-pool-lab.com/best-of,/best-of
https://www.the-pool-lab.com/blog/best-robotic-pool-cleaner-for-large-pools,https://www.the-pool-lab.com/guides,/guides
https://www.the-pool-lab.com/blog/best-robotic-pool-cleaner-for-large-pools,https://www.the-pool-lab.com/about,/about
https://www.the-pool-lab.com/blog/best-robotic-pool-cleaner-for-large-pools,https://www.the-pool-lab.com/,/
https://www.the-pool-lab.com/blog/best-robotic-pool-cleaner-for-large-pools,https://www.the-pool-lab.com/blog/how-to-choose-the-right-robotic-pool-cleaner-for-your-pool,/blog/how-to-choose-the-right-robotic-pool-cleaner-for-your-pool
https://www.the-pool-lab.com/blog/best-robotic-pool-cleaner-for-large-pools,https://www.the-pool-lab.com/blog/best-robotic-pool-cleaner-for-deep-pools,/blog/best-robotic-pool-cleaner-for-deep-pools
https://www.the-pool-lab.com/blog/best-robotic-pool-cleaner-for-large-pools,https://www.the-pool-lab.com/blog/corded-vs-cordless-robotic-pool-cleaners,/blog/corded-vs-cordless-robotic-pool-cleaners
https://www.the-pool-lab.com/blog/best-robotic-pool-cleaner-for-large-pools,https://www.the-pool-lab.com/reviews/Dolphin-Nautilus-CC-Plus,/reviews/Dolphin-Nautilus-CC-Plus
https://www.the-pool-lab.com/blog/best-robotic-pool-cleaner-for-large-pools,https://www.the-pool-lab.com/reviews/Dolphin-Premier,/reviews/Dolphin-Premier
https://www.the-pool-lab.com/blog/best-robotic-pool-cleaner-for-large-pools,https://www.the-pool-lab.com/reviews/Polaris-9650iQ-Sport,/reviews/Polaris-9650iQ-Sport
https://www.the-pool-lab.com/blog/best-robotic-pool-cleaner-for-large-pools,https://www.the-pool-lab.com/reviews,/reviews
https://www.the-pool-lab.com/blog/best-robotic-pool-cleaner-for-deep-pools,https://www.the-pool-lab.com/,/
https://www.the-pool-lab.com/blog/best-robotic-pool-cleaner-for-deep-pools,https://www.the-pool-lab.com/,/
https://www.the-pool-lab.com/blog/best-robotic-pool-cleaner-for-deep-pools,https://www.the-pool-lab.com/reviews,/reviews
https://www.the-pool-lab.com/blog/best-robotic-pool-cleaner-for-deep-pools,https://www.the-pool-lab.com/best-of,/best-of
https://www.the-pool-lab.com/blog/best-robotic-pool-cleaner-for-deep-pools,https://www.the-pool-lab.com/guides,/guides
https://www.the-pool-lab.com/blog/best-robotic-pool-cleaner-for-deep-pools,https://www.the-pool-lab.com/about,/about
https://www.the-pool-lab.com/blog/best-robotic-pool-cleaner-for-deep-pools,https://www.the-pool-lab.com/,/
https://www.the-pool-lab.com/blog/best-robotic-pool-cleaner-for-deep-pools,https://www.the-pool-lab.com/blog/robotic-pool-cleaner-weight-why-it-matters,/blog/robotic-pool-cleaner-weight-why-it-matters
https://www.the-pool-lab.com/blog/best-robotic-pool-cleaner-for-deep-pools,https://www.the-pool-lab.com/reviews/Dolphin-Premier,/reviews/Dolphin-Premier
https://www.the-pool-lab.com/blog/best-robotic-pool-cleaner-for-deep-pools,https://www.the-pool-lab.com/reviews/Polaris-9650iQ-Sport,/reviews/Polaris-9650iQ-Sport
https://www.the-pool-lab.com/blog/best-robotic-pool-cleaner-for-deep-pools,https://www.the-pool-lab.com/reviews/Hayward-TigerShark-QC,/reviews/Hayward-TigerShark-QC
https://www.the-pool-lab.com/blog/best-robotic-pool-cleaner-for-deep-pools,https://www.the-pool-lab.com/reviews/Pentair-Prowler-930,/reviews/Pentair-Prowler-930
https://www.the-pool-lab.com/blog/best-robotic-pool-cleaner-for-deep-pools,https://www.the-pool-lab.com/reviews,/reviews
https://www.the-pool-lab.com/blog/dolphin-nautilus-cc-plus-vs-polaris-9650iq-sport,https://www.the-pool-lab.com/,/
https://www.the-pool-lab.com/blog/dolphin-nautilus-cc-plus-vs-polaris-9650iq-sport,https://www.the-pool-lab.com/,/
https://www.the-pool-lab.com/blog/dolphin-nautilus-cc-plus-vs-polaris-9650iq-sport,https://www.the-pool-lab.com/reviews,/reviews
https://www.the-pool-lab.com/blog/dolphin-nautilus-cc-plus-vs-polaris-9650iq-sport,https://www.the-pool-lab.com/best-of,/best-of
https://www.the-pool-lab.com/blog/dolphin-nautilus-cc-plus-vs-polaris-9650iq-sport,https://www.the-pool-lab.com/guides,/guides
https://www.the-pool-lab.com/blog/dolphin-nautilus-cc-plus-vs-polaris-9650iq-sport,https://www.the-pool-lab.com/about,/about
https://www.the-pool-lab.com/blog/dolphin-nautilus-cc-plus-vs-polaris-9650iq-sport,https://www.the-pool-lab.com/,/
https://www.the-pool-lab.com/blog/dolphin-nautilus-cc-plus-vs-polaris-9650iq-sport,https://www.the-pool-lab.com/reviews/Dolphin-Nautilus-CC-Plus,/reviews/Dolphin-Nautilus-CC-Plus
https://www.the-pool-lab.com/blog/dolphin-nautilus-cc-plus-vs-polaris-9650iq-sport,https://www.the-pool-lab.com/reviews/Polaris-9650iQ-Sport,/reviews/Polaris-9650iQ-Sport
https://www.the-pool-lab.com/blog/dolphin-nautilus-cc-plus-vs-polaris-9650iq-sport,https://www.the-pool-lab.com/best-of/inground,/best-of/inground
https://www.the-pool-lab.com/blog/dolphin-nautilus-cc-plus-vs-polaris-9650iq-sport,https://www.the-pool-lab.com/blog/corded-vs-cordless-robotic-pool-cleaners,/blog/corded-vs-cordless-robotic-pool-cleaners
https://www.the-pool-lab.com/blog/dolphin-nautilus-cc-plus-vs-polaris-9650iq-sport,https://www.the-pool-lab.com/reviews,/reviews
https://www.the-pool-lab.com/best-of/overall,https://www.the-pool-lab.com/,/
https://www.the-pool-lab.com/best-of/overall,https://www.the-pool-lab.com/,/
https://www.the-pool-lab.com/best-of/overall,https://www.the-pool-lab.com/reviews,/reviews
https://www.the-pool-lab.com/best-of/overall,https://www.the-pool-lab.com/best-of,/best-of
https://www.the-pool-lab.com/best-of/overall,https://www.the-pool-lab.com/guides,/guides
https://www.the-pool-lab.com/best-of/overall,https://www.the-pool-lab.com/about,/about
https://www.the-pool-lab.com/best-of/overall,https://www.the-pool-lab.com/blog/how-to-choose-the-right-robotic-pool-cleaner-for-your-pool,/blog/how-to-choose-the-right-robotic-pool-cleaner-for-your-pool
https://www.the-pool-lab.com/best-of/overall,https://www.the-pool-lab.com/blog/best-robotic-pool-cleaner-for-large-pools,/blog/best-robotic-pool-cleaner-for-large-pools
https://www.the-pool-lab.com/best-of/overall,https://www.the-pool-lab.com/blog/corded-vs-cordless-robotic-pool-cleaners,/blog/corded-vs-cordless-robotic-pool-cleaners
https://www.the-pool-lab.com/best-of/overall,https://www.the-pool-lab.com/reviews/Dolphin-Nautilus-CC-Plus,/reviews/Dolphin-Nautilus-CC-Plus
https://www.the-pool-lab.com/best-of/overall,https://www.the-pool-lab.com/reviews/Polaris-9650iQ-Sport,/reviews/Polaris-9650iQ-Sport
https://www.the-pool-lab.com/best-of/overall,https://www.the-pool-lab.com/reviews/Dolphin-Premier,/reviews/Dolphin-Premier
https://www.the-pool-lab.com/best-of/overall,https://www.the-pool-lab.com/reviews/Pentair-Prowler-930,/reviews/Pentair-Prowler-930
https://www.the-pool-lab.com/best-of/overall,https://www.the-pool-lab.com/reviews/Dolphin-Nautilus-CC-Plus,/reviews/Dolphin-Nautilus-CC-Plus
https://www.the-pool-lab.com/best-of/overall,https://www.the-pool-lab.com/reviews/Dolphin-Nautilus-CC-Plus,/reviews/Dolphin-Nautilus-CC-Plus
https://www.the-pool-lab.com/best-of/overall,https://www.the-pool-lab.com/reviews/Polaris-9650iQ-Sport,/reviews/Polaris-9650iQ-Sport
https://www.the-pool-lab.com/best-of/overall,https://www.the-pool-lab.com/reviews/Polaris-9650iQ-Sport,/reviews/Polaris-9650iQ-Sport
https://www.the-pool-lab.com/best-of/overall,https://www.the-pool-lab.com/reviews/Dolphin-Premier,/reviews/Dolphin-Premier
https://www.the-pool-lab.com/best-of/overall,https://www.the-pool-lab.com/reviews/Dolphin-Premier,/reviews/Dolphin-Premier
https://www.the-pool-lab.com/best-of/overall,https://www.the-pool-lab.com/reviews/Pentair-Prowler-930,/reviews/Pentair-Prowler-930
https://www.the-pool-lab.com/best-of/overall,https://www.the-pool-lab.com/reviews/Pentair-Prowler-930,/reviews/Pentair-Prowler-930
https://www.the-pool-lab.com/best-of/overall,https://www.the-pool-lab.com/reviews/Dolphin-Nautilus-CC-Plus,/reviews/Dolphin-Nautilus-CC-Plus
https://www.the-pool-lab.com/best-of/overall,https://www.the-pool-lab.com/reviews/Polaris-9650iQ-Sport,/reviews/Polaris-9650iQ-Sport
https://www.the-pool-lab.com/best-of/overall,https://www.the-pool-lab.com/reviews/Dolphin-Premier,/reviews/Dolphin-Premier
https://www.the-pool-lab.com/best-of/overall,https://www.the-pool-lab.com/reviews/Pentair-Prowler-930,/reviews/Pentair-Prowler-930
https://www.the-pool-lab.com/best-of/overall,https://www.the-pool-lab.com/reviews/Dolphin-Nautilus-CC-Plus,/reviews/Dolphin-Nautilus-CC-Plus
https://www.the-pool-lab.com/best-of/overall,https://www.the-pool-lab.com/reviews/Dolphin-Nautilus-CC-Plus,/reviews/Dolphin-Nautilus-CC-Plus
https://www.the-pool-lab.com/best-of/overall,https://www.the-pool-lab.com/reviews/Polaris-9650iQ-Sport,/reviews/Polaris-9650iQ-Sport
https://www.the-pool-lab.com/best-of/overall,https://www.the-pool-lab.com/reviews/Polaris-9650iQ-Sport,/reviews/Polaris-9650iQ-Sport
https://www.the-pool-lab.com/best-of/overall,https://www.the-pool-lab.com/reviews/Dolphin-Premier,/reviews/Dolphin-Premier
https://www.the-pool-lab.com/best-of/overall,https://www.the-pool-lab.com/reviews/Dolphin-Premier,/reviews/Dolphin-Premier
https://www.the-pool-lab.com/best-of/overall,https://www.the-pool-lab.com/reviews/Pentair-Prowler-930,/reviews/Pentair-Prowler-930
https://www.the-pool-lab.com/best-of/overall,https://www.the-pool-lab.com/reviews/Pentair-Prowler-930,/reviews/Pentair-Prowler-930
https://www.the-pool-lab.com/best-of/overall,https://www.the-pool-lab.com/blog/how-to-choose-the-right-robotic-pool-cleaner-for-your-pool,/blog/how-to-choose-the-right-robotic-pool-cleaner-for-your-pool
https://www.the-pool-lab.com/best-of/overall,https://www.the-pool-lab.com/blog/dolphin-nautilus-cc-plus-vs-polaris-9650iq-sport,/blog/dolphin-nautilus-cc-plus-vs-polaris-9650iq-sport
https://www.the-pool-lab.com/best-of/overall,https://www.the-pool-lab.com/blog/corded-vs-cordless-robotic-pool-cleaners,/blog/corded-vs-cordless-robotic-pool-cleaners
https://www.the-pool-lab.com/best-of/value,https://www.the-pool-lab.com/,/
https://www.the-pool-lab.com/best-of/value,https://www.the-pool-lab.com/,/
https://www.the-pool-lab.com/best-of/value,https://www.the-pool-lab.com/reviews,/reviews
https://www.the-pool-lab.com/best-of/value,https://www.the-pool-lab.com/best-of,/best-of
https://www.the-pool-lab.com/best-of/value,https://www.the-pool-lab.com/guides,/guides
https://www.the-pool-lab.com/best-of/value,https://www.the-pool-lab.com/about,/about
https://www.the-pool-lab.com/best-of/value,https://www.the-pool-lab.com/reviews/Dolphin-Nautilus-CC-Plus,/reviews/Dolphin-Nautilus-CC-Plus
https://www.the-pool-lab.com/best-of/value,https://www.the-pool-lab.com/reviews/Aiper-Scuba-S1,/reviews/Aiper-Scuba-S1
https://www.the-pool-lab.com/best-of/value,https://www.the-pool-lab.com/reviews/Dolphin-Nautilus-CC-Plus,/reviews/Dolphin-Nautilus-CC-Plus
https://www.the-pool-lab.com/best-of/value,https://www.the-pool-lab.com/reviews/Dolphin-Nautilus-CC-Plus,/reviews/Dolphin-Nautilus-CC-Plus
https://www.the-pool-lab.com/best-of/value,https://www.the-pool-lab.com/reviews/Aiper-Scuba-S1,/reviews/Aiper-Scuba-S1
https://www.the-pool-lab.com/best-of/value,https://www.the-pool-lab.com/reviews/Aiper-Scuba-S1,/reviews/Aiper-Scuba-S1
https://www.the-pool-lab.com/best-of/value,https://www.the-pool-lab.com/reviews/Dolphin-Nautilus-CC-Plus,/reviews/Dolphin-Nautilus-CC-Plus
https://www.the-pool-lab.com/best-of/value,https://www.the-pool-lab.com/reviews/Aiper-Scuba-S1,/reviews/Aiper-Scuba-S1
https://www.the-pool-lab.com/best-of/value,https://www.the-pool-lab.com/reviews/Dolphin-Nautilus-CC-Plus,/reviews/Dolphin-Nautilus-CC-Plus
https://www.the-pool-lab.com/best-of/value,https://www.the-pool-lab.com/reviews/Dolphin-Nautilus-CC-Plus,/reviews/Dolphin-Nautilus-CC-Plus
https://www.the-pool-lab.com/best-of/value,https://www.the-pool-lab.com/reviews/Aiper-Scuba-S1,/reviews/Aiper-Scuba-S1
https://www.the-pool-lab.com/best-of/value,https://www.the-pool-lab.com/reviews/Aiper-Scuba-S1,/reviews/Aiper-Scuba-S1
https://www.the-pool-lab.com/best-of/value,https://www.the-pool-lab.com/blog/best-robotic-pool-cleaner-for-large-pools,/blog/best-robotic-pool-cleaner-for-large-pools
https://www.the-pool-lab.com/best-of/value,https://www.the-pool-lab.com/blog/robotic-pool-cleaners-for-leaves-vs-fine-debris,/blog/robotic-pool-cleaners-for-leaves-vs-fine-debris
https://www.the-pool-lab.com/best-of/leaves,https://www.the-pool-lab.com/,/
https://www.the-pool-lab.com/best-of/leaves,https://www.the-pool-lab.com/,/
https://www.the-pool-lab.com/best-of/leaves,https://www.the-pool-lab.com/reviews,/reviews
https://www.the-pool-lab.com/best-of/leaves,https://www.the-pool-lab.com/best-of,/best-of
https://www.the-pool-lab.com/best-of/leaves,https://www.the-pool-lab.com/guides,/guides
https://www.the-pool-lab.com/best-of/leaves,https://www.the-pool-lab.com/about,/about
https://www.the-pool-lab.com/best-of/leaves,https://www.the-pool-lab.com/blog/robotic-pool-cleaners-for-leaves-vs-fine-debris,/blog/robotic-pool-cleaners-for-leaves-vs-fine-debris
https://www.the-pool-lab.com/best-of/leaves,https://www.the-pool-lab.com/reviews/Dolphin-Premier,/reviews/Dolphin-Premier
https://www.the-pool-lab.com/best-of/leaves,https://www.the-pool-lab.com/reviews/Polaris-9650iQ-Sport,/reviews/Polaris-9650iQ-Sport
https://www.the-pool-lab.com/best-of/leaves,https://www.the-pool-lab.com/reviews/Dolphin-Premier,/reviews/Dolphin-Premier
https://www.the-pool-lab.com/best-of/leaves,https://www.the-pool-lab.com/reviews/Dolphin-Premier,/reviews/Dolphin-Premier
https://www.the-pool-lab.com/best-of/leaves,https://www.the-pool-lab.com/reviews/Polaris-9650iQ-Sport,/reviews/Polaris-9650iQ-Sport
https://www.the-pool-lab.com/best-of/leaves,https://www.the-pool-lab.com/reviews/Polaris-9650iQ-Sport,/reviews/Polaris-9650iQ-Sport
https://www.the-pool-lab.com/best-of/leaves,https://www.the-pool-lab.com/reviews/Dolphin-Premier,/reviews/Dolphin-Premier
https://www.the-pool-lab.com/best-of/leaves,https://www.the-pool-lab.com/reviews/Polaris-9650iQ-Sport,/reviews/Polaris-9650iQ-Sport
https://www.the-pool-lab.com/best-of/leaves,https://www.the-pool-lab.com/reviews/Dolphin-Premier,/reviews/Dolphin-Premier
https://www.the-pool-lab.com/best-of/leaves,https://www.the-pool-lab.com/reviews/Dolphin-Premier,/reviews/Dolphin-Premier
https://www.the-pool-lab.com/best-of/leaves,https://www.the-pool-lab.com/reviews/Polaris-9650iQ-Sport,/reviews/Polaris-9650iQ-Sport
https://www.the-pool-lab.com/best-of/leaves,https://www.the-pool-lab.com/reviews/Polaris-9650iQ-Sport,/reviews/Polaris-9650iQ-Sport
https://www.the-pool-lab.com/best-of/leaves,https://www.the-pool-lab.com/blog/best-robotic-pool-cleaner-for-large-pools,/blog/best-robotic-pool-cleaner-for-large-pools
https://www.the-pool-lab.com/best-of/above-ground,https://www.the-pool-lab.com/,/
https://www.the-pool-lab.com/best-of/above-ground,https://www.the-pool-lab.com/,/
https://www.the-pool-lab.com/best-of/above-ground,https://www.the-pool-lab.com/reviews,/reviews
https://www.the-pool-lab.com/best-of/above-ground,https://www.the-pool-lab.com/best-of,/best-of
https://www.the-pool-lab.com/best-of/above-ground,https://www.the-pool-lab.com/guides,/guides
https://www.the-pool-lab.com/best-of/above-ground,https://www.the-pool-lab.com/about,/about
https://www.the-pool-lab.com/best-of/above-ground,https://www.the-pool-lab.com/reviews/Aiper-Seagull-Pro,/reviews/Aiper-Seagull-Pro
https://www.the-pool-lab.com/best-of/above-ground,https://www.the-pool-lab.com/reviews/BWT-Pool-Robot-ES-Nano,/reviews/BWT-Pool-Robot-ES-Nano
https://www.the-pool-lab.com/best-of/above-ground,https://www.the-pool-lab.com/reviews/Aiper-Seagull-Pro,/reviews/Aiper-Seagull-Pro
https://www.the-pool-lab.com/best-of/above-ground,https://www.the-pool-lab.com/reviews/Aiper-Seagull-Pro,/reviews/Aiper-Seagull-Pro
https://www.the-pool-lab.com/best-of/above-ground,https://www.the-pool-lab.com/reviews/BWT-Pool-Robot-ES-Nano,/reviews/BWT-Pool-Robot-ES-Nano
https://www.the-pool-lab.com/best-of/above-ground,https://www.the-pool-lab.com/reviews/BWT-Pool-Robot-ES-Nano,/reviews/BWT-Pool-Robot-ES-Nano
https://www.the-pool-lab.com/best-of/above-ground,https://www.the-pool-lab.com/reviews/Aiper-Seagull-Pro,/reviews/Aiper-Seagull-Pro
https://www.the-pool-lab.com/best-of/above-ground,https://www.the-pool-lab.com/reviews/BWT-Pool-Robot-ES-Nano,/reviews/BWT-Pool-Robot-ES-Nano
https://www.the-pool-lab.com/best-of/above-ground,https://www.the-pool-lab.com/reviews/Aiper-Seagull-Pro,/reviews/Aiper-Seagull-Pro
https://www.the-pool-lab.com/best-of/above-ground,https://www.the-pool-lab.com/reviews/Aiper-Seagull-Pro,/reviews/Aiper-Seagull-Pro
https://www.the-pool-lab.com/best-of/above-ground,https://www.the-pool-lab.com/reviews/BWT-Pool-Robot-ES-Nano,/reviews/BWT-Pool-Robot-ES-Nano
https://www.the-pool-lab.com/best-of/above-ground,https://www.the-pool-lab.com/reviews/BWT-Pool-Robot-ES-Nano,/reviews/BWT-Pool-Robot-ES-Nano
https://www.the-pool-lab.com/best-of/above-ground,https://www.the-pool-lab.com/blog/corded-vs-cordless-robotic-pool-cleaners,/blog/corded-vs-cordless-robotic-pool-cleaners
https://www.the-pool-lab.com/best-of/vinyl,https://www.the-pool-lab.com/,/
https://www.the-pool-lab.com/best-of/vinyl,https://www.the-pool-lab.com/,/
https://www.the-pool-lab.com/best-of/vinyl,https://www.the-pool-lab.com/reviews,/reviews
https://www.the-pool-lab.com/best-of/vinyl,https://www.the-pool-lab.com/best-of,/best-of
https://www.the-pool-lab.com/best-of/vinyl,https://www.the-pool-lab.com/guides,/guides
https://www.the-pool-lab.com/best-of/vinyl,https://www.the-pool-lab.com/about,/about
https://www.the-pool-lab.com/best-of/vinyl,https://www.the-pool-lab.com/blog/robotic-pool-cleaner-weight-why-it-matters,/blog/robotic-pool-cleaner-weight-why-it-matters
https://www.the-pool-lab.com/best-of/vinyl,https://www.the-pool-lab.com/reviews/Dolphin-Nautilus-CC-Plus,/reviews/Dolphin-Nautilus-CC-Plus
https://www.the-pool-lab.com/best-of/vinyl,https://www.the-pool-lab.com/reviews/Hayward-SharkVac-XL,/reviews/Hayward-SharkVac-XL
https://www.the-pool-lab.com/best-of/vinyl,https://www.the-pool-lab.com/reviews/Dolphin-Nautilus-CC-Plus,/reviews/Dolphin-Nautilus-CC-Plus
https://www.the-pool-lab.com/best-of/vinyl,https://www.the-pool-lab.com/reviews/Dolphin-Nautilus-CC-Plus,/reviews/Dolphin-Nautilus-CC-Plus
https://www.the-pool-lab.com/best-of/vinyl,https://www.the-pool-lab.com/reviews/Hayward-SharkVac-XL,/reviews/Hayward-SharkVac-XL
https://www.the-pool-lab.com/best-of/vinyl,https://www.the-pool-lab.com/reviews/Hayward-SharkVac-XL,/reviews/Hayward-SharkVac-XL
https://www.the-pool-lab.com/best-of/vinyl,https://www.the-pool-lab.com/reviews/Dolphin-Nautilus-CC-Plus,/reviews/Dolphin-Nautilus-CC-Plus
https://www.the-pool-lab.com/best-of/vinyl,https://www.the-pool-lab.com/reviews/Hayward-SharkVac-XL,/reviews/Hayward-SharkVac-XL
https://www.the-pool-lab.com/best-of/vinyl,https://www.the-pool-lab.com/reviews/Dolphin-Nautilus-CC-Plus,/reviews/Dolphin-Nautilus-CC-Plus
https://www.the-pool-lab.com/best-of/vinyl,https://www.the-pool-lab.com/reviews/Dolphin-Nautilus-CC-Plus,/reviews/Dolphin-Nautilus-CC-Plus
https://www.the-pool-lab.com/best-of/vinyl,https://www.the-pool-lab.com/reviews/Hayward-SharkVac-XL,/reviews/Hayward-SharkVac-XL
https://www.the-pool-lab.com/best-of/vinyl,https://www.the-pool-lab.com/reviews/Hayward-SharkVac-XL,/reviews/Hayward-SharkVac-XL
https://www.the-pool-lab.com/best-of/inground,https://www.the-pool-lab.com/,/
https://www.the-pool-lab.com/best-of/inground,https://www.the-pool-lab.com/,/
https://www.the-pool-lab.com/best-of/inground,https://www.the-pool-lab.com/reviews,/reviews
https://www.the-pool-lab.com/best-of/inground,https://www.the-pool-lab.com/best-of,/best-of
https://www.the-pool-lab.com/best-of/inground,https://www.the-pool-lab.com/guides,/guides
https://www.the-pool-lab.com/best-of/inground,https://www.the-pool-lab.com/about,/about
https://www.the-pool-lab.com/best-of/inground,https://www.the-pool-lab.com/blog/best-robotic-pool-cleaner-for-large-pools,/blog/best-robotic-pool-cleaner-for-large-pools
https://www.the-pool-lab.com/best-of/inground,https://www.the-pool-lab.com/reviews/Dolphin-Nautilus-CC-Plus,/reviews/Dolphin-Nautilus-CC-Plus
https://www.the-pool-lab.com/best-of/inground,https://www.the-pool-lab.com/reviews/Dolphin-Premier,/reviews/Dolphin-Premier
https://www.the-pool-lab.com/best-of/inground,https://www.the-pool-lab.com/reviews/Polaris-9650iQ-Sport,/reviews/Polaris-9650iQ-Sport
https://www.the-pool-lab.com/best-of/inground,https://www.the-pool-lab.com/reviews/Dolphin-Nautilus-CC-Plus,/reviews/Dolphin-Nautilus-CC-Plus
https://www.the-pool-lab.com/best-of/inground,https://www.the-pool-lab.com/reviews/Dolphin-Nautilus-CC-Plus,/reviews/Dolphin-Nautilus-CC-Plus
https://www.the-pool-lab.com/best-of/inground,https://www.the-pool-lab.com/reviews/Dolphin-Premier,/reviews/Dolphin-Premier
https://www.the-pool-lab.com/best-of/inground,https://www.the-pool-lab.com/reviews/Dolphin-Premier,/reviews/Dolphin-Premier
https://www.the-pool-lab.com/best-of/inground,https://www.the-pool-lab.com/reviews/Polaris-9650iQ-Sport,/reviews/Polaris-9650iQ-Sport
https://www.the-pool-lab.com/best-of/inground,https://www.the-pool-lab.com/reviews/Polaris-9650iQ-Sport,/reviews/Polaris-9650iQ-Sport
https://www.the-pool-lab.com/best-of/inground,https://www.the-pool-lab.com/reviews/Dolphin-Nautilus-CC-Plus,/reviews/Dolphin-Nautilus-CC-Plus
https://www.the-pool-lab.com/best-of/inground,https://www.the-pool-lab.com/reviews/Dolphin-Premier,/reviews/Dolphin-Premier
https://www.the-pool-lab.com/best-of/inground,https://www.the-pool-lab.com/reviews/Polaris-9650iQ-Sport,/reviews/Polaris-9650iQ-Sport
https://www.the-pool-lab.com/best-of/inground,https://www.the-pool-lab.com/reviews/Dolphin-Nautilus-CC-Plus,/reviews/Dolphin-Nautilus-CC-Plus
https://www.the-pool-lab.com/best-of/inground,https://www.the-pool-lab.com/reviews/Dolphin-Nautilus-CC-Plus,/reviews/Dolphin-Nautilus-CC-Plus
https://www.the-pool-lab.com/best-of/inground,https://www.the-pool-lab.com/reviews/Dolphin-Premier,/reviews/Dolphin-Premier
https://www.the-pool-lab.com/best-of/inground,https://www.the-pool-lab.com/reviews/Dolphin-Premier,/reviews/Dolphin-Premier
https://www.the-pool-lab.com/best-of/inground,https://www.the-pool-lab.com/reviews/Polaris-9650iQ-Sport,/reviews/Polaris-9650iQ-Sport
https://www.the-pool-lab.com/best-of/inground,https://www.the-pool-lab.com/reviews/Polaris-9650iQ-Sport,/reviews/Polaris-9650iQ-Sport
https://www.the-pool-lab.com/best-of/inground,https://www.the-pool-lab.com/blog/corded-vs-cordless-robotic-pool-cleaners,/blog/corded-vs-cordless-robotic-pool-cleaners
https://www.the-pool-lab.com/reviews/Dolphin-Nautilus-CC-Plus,https://www.the-pool-lab.com/,/
https://www.the-pool-lab.com/reviews/Dolphin-Nautilus-CC-Plus,https://www.the-pool-lab.com/,/
https://www.the-pool-lab.com/reviews/Dolphin-Nautilus-CC-Plus,https://www.the-pool-lab.com/reviews,/reviews
https://www.the-pool-lab.com/reviews/Dolphin-Nautilus-CC-Plus,https://www.the-pool-lab.com/best-of,/best-of
https://www.the-pool-lab.com/reviews/Dolphin-Nautilus-CC-Plus,https://www.the-pool-lab.com/guides,/guides
https://www.the-pool-lab.com/reviews/Dolphin-Nautilus-CC-Plus,https://www.the-pool-lab.com/about,/about
https://www.the-pool-lab.com/reviews/Dolphin-Nautilus-CC-Plus,https://www.the-pool-lab.com/reviews/Dolphin-Premier,/reviews/Dolphin-Premier
https://www.the-pool-lab.com/reviews/Dolphin-Nautilus-CC-Plus,https://www.the-pool-lab.com/reviews/Polaris-9650iQ-Sport,/reviews/Polaris-9650iQ-Sport
https://www.the-pool-lab.com/reviews/Dolphin-Premier,https://www.the-pool-lab.com/,/
https://www.the-pool-lab.com/reviews/Dolphin-Premier,https://www.the-pool-lab.com/,/
https://www.the-pool-lab.com/reviews/Dolphin-Premier,https://www.the-pool-lab.com/reviews,/reviews
https://www.the-pool-lab.com/reviews/Dolphin-Premier,https://www.the-pool-lab.com/best-of,/best-of
https://www.the-pool-lab.com/reviews/Dolphin-Premier,https://www.the-pool-lab.com/guides,/guides
https://www.the-pool-lab.com/reviews/Dolphin-Premier,https://www.the-pool-lab.com/about,/about
https://www.the-pool-lab.com/reviews/Dolphin-Premier,https://www.the-pool-lab.com/reviews/Dolphin-Nautilus-CC-Plus,/reviews/Dolphin-Nautilus-CC-Plus
https://www.the-pool-lab.com/reviews/Dolphin-Premier,https://www.the-pool-lab.com/reviews/Polaris-P39,/reviews/Polaris-P39
https://www.the-pool-lab.com/reviews/Dolphin-Nautilus-Titan,https://www.the-pool-lab.com/,/
https://www.the-pool-lab.com/reviews/Dolphin-Nautilus-Titan,https://www.the-pool-lab.com/,/
https://www.the-pool-lab.com/reviews/Dolphin-Nautilus-Titan,https://www.the-pool-lab.com/reviews,/reviews
https://www.the-pool-lab.com/reviews/Dolphin-Nautilus-Titan,https://www.the-pool-lab.com/best-of,/best-of
https://www.the-pool-lab.com/reviews/Dolphin-Nautilus-Titan,https://www.the-pool-lab.com/guides,/guides
https://www.the-pool-lab.com/reviews/Dolphin-Nautilus-Titan,https://www.the-pool-lab.com/about,/about
https://www.the-pool-lab.com/reviews/Dolphin-Nautilus-Titan,https://www.the-pool-lab.com/reviews/Dolphin-Nautilus-CC-Plus,/reviews/Dolphin-Nautilus-CC-Plus
https://www.the-pool-lab.com/reviews/Dolphin-Nautilus-Titan,https://www.the-pool-lab.com/reviews/Polaris-9650iQ-Sport,/reviews/Polaris-9650iQ-Sport
https://www.the-pool-lab.com/reviews/Dolphin-Sigma,https://www.the-pool-lab.com/,/
https://www.the-pool-lab.com/reviews/Dolphin-Sigma,https://www.the-pool-lab.com/,/
https://www.the-pool-lab.com/reviews/Dolphin-Sigma,https://www.the-pool-lab.com/reviews,/reviews
https://www.the-pool-lab.com/reviews/Dolphin-Sigma,https://www.the-pool-lab.com/best-of,/best-of
https://www.the-pool-lab.com/reviews/Dolphin-Sigma,https://www.the-pool-lab.com/guides,/guides
https://www.the-pool-lab.com/reviews/Dolphin-Sigma,https://www.the-pool-lab.com/about,/about
https://www.the-pool-lab.com/reviews/Dolphin-Sigma,https://www.the-pool-lab.com/reviews/Polaris-9650iQ-Sport,/reviews/Polaris-9650iQ-Sport
https://www.the-pool-lab.com/reviews/Dolphin-Sigma,https://www.the-pool-lab.com/reviews/Dolphin-Premier,/reviews/Dolphin-Premier
https://www.the-pool-lab.com/reviews/Polaris-9650iQ-Sport,https://www.the-pool-lab.com/,/
https://www.the-pool-lab.com/reviews/Polaris-9650iQ-Sport,https://www.the-pool-lab.com/,/
https://www.the-pool-lab.com/reviews/Polaris-9650iQ-Sport,https://www.the-pool-lab.com/reviews,/reviews
https://www.the-pool-lab.com/reviews/Polaris-9650iQ-Sport,https://www.the-pool-lab.com/best-of,/best-of
https://www.the-pool-lab.com/reviews/Polaris-9650iQ-Sport,https://www.the-pool-lab.com/guides,/guides
https://www.the-pool-lab.com/reviews/Polaris-9650iQ-Sport,https://www.the-pool-lab.com/about,/about
https://www.the-pool-lab.com/reviews/Polaris-9650iQ-Sport,https://www.the-pool-lab.com/reviews/Dolphin-Sigma,/reviews/Dolphin-Sigma
https://www.the-pool-lab.com/reviews/Polaris-9650iQ-Sport,https://www.the-pool-lab.com/reviews/Polaris-F9550-Sport,/reviews/Polaris-F9550-Sport
https://www.the-pool-lab.com/reviews/Polaris-F9550-Sport,https://www.the-pool-lab.com/,/
https://www.the-pool-lab.com/reviews/Polaris-F9550-Sport,https://www.the-pool-lab.com/,/
https://www.the-pool-lab.com/reviews/Polaris-F9550-Sport,https://www.the-pool-lab.com/reviews,/reviews
https://www.the-pool-lab.com/reviews/Polaris-F9550-Sport,https://www.the-pool-lab.com/best-of,/best-of
https://www.the-pool-lab.com/reviews/Polaris-F9550-Sport,https://www.the-pool-lab.com/guides,/guides
https://www.the-pool-lab.com/reviews/Polaris-F9550-Sport,https://www.the-pool-lab.com/about,/about
https://www.the-pool-lab.com/reviews/Polaris-F9550-Sport,https://www.the-pool-lab.com/reviews/Polaris-9650iQ-Sport,/reviews/Polaris-9650iQ-Sport
https://www.the-pool-lab.com/reviews/Polaris-F9550-Sport,https://www.the-pool-lab.com/reviews/Hayward-TigerShark-QC,/reviews/Hayward-TigerShark-QC
https://www.the-pool-lab.com/reviews/Polaris-P39,https://www.the-pool-lab.com/,/
https://www.the-pool-lab.com/reviews/Polaris-P39,https://www.the-pool-lab.com/,/
https://www.the-pool-lab.com/reviews/Polaris-P39,https://www.the-pool-lab.com/reviews,/reviews
https://www.the-pool-lab.com/reviews/Polaris-P39,https://www.the-pool-lab.com/best-of,/best-of
https://www.the-pool-lab.com/reviews/Polaris-P39,https://www.the-pool-lab.com/guides,/guides
https://www.the-pool-lab.com/reviews/Polaris-P39,https://www.the-pool-lab.com/about,/about
https://www.the-pool-lab.com/reviews/Polaris-P39,https://www.the-pool-lab.com/reviews/Dolphin-Premier,/reviews/Dolphin-Premier
https://www.the-pool-lab.com/reviews/Polaris-P39,https://www.the-pool-lab.com/reviews/Polaris-9650iQ-Sport,/reviews/Polaris-9650iQ-Sport
https://www.the-pool-lab.com/reviews/Hayward-TigerShark-QC,https://www.the-pool-lab.com/,/
https://www.the-pool-lab.com/reviews/Hayward-TigerShark-QC,https://www.the-pool-lab.com/,/
https://www.the-pool-lab.com/reviews/Hayward-TigerShark-QC,https://www.the-pool-lab.com/reviews,/reviews
https://www.the-pool-lab.com/reviews/Hayward-TigerShark-QC,https://www.the-pool-lab.com/best-of,/best-of
https://www.the-pool-lab.com/reviews/Hayward-TigerShark-QC,https://www.the-pool-lab.com/guides,/guides
https://www.the-pool-lab.com/reviews/Hayward-TigerShark-QC,https://www.the-pool-lab.com/about,/about
https://www.the-pool-lab.com/reviews/Hayward-TigerShark-QC,https://www.the-pool-lab.com/reviews/Hayward-SharkVac-XL,/reviews/Hayward-SharkVac-XL
https://www.the-pool-lab.com/reviews/Hayward-TigerShark-QC,https://www.the-pool-lab.com/reviews/Dolphin-Nautilus-CC-Plus,/reviews/Dolphin-Nautilus-CC-Plus
https://www.the-pool-lab.com/reviews/Hayward-SharkVac-XL,https://www.the-pool-lab.com/,/
https://www.the-pool-lab.com/reviews/Hayward-SharkVac-XL,https://www.the-pool-lab.com/,/
https://www.the-pool-lab.com/reviews/Hayward-SharkVac-XL,https://www.the-pool-lab.com/reviews,/reviews
https://www.the-pool-lab.com/reviews/Hayward-SharkVac-XL,https://www.the-pool-lab.com/best-of,/best-of
https://www.the-pool-lab.com/reviews/Hayward-SharkVac-XL,https://www.the-pool-lab.com/guides,/guides
https://www.the-pool-lab.com/reviews/Hayward-SharkVac-XL,https://www.the-pool-lab.com/about,/about
https://www.the-pool-lab.com/reviews/Hayward-SharkVac-XL,https://www.the-pool-lab.com/reviews/Hayward-TigerShark-QC,/reviews/Hayward-TigerShark-QC
https://www.the-pool-lab.com/reviews/Hayward-SharkVac-XL,https://www.the-pool-lab.com/reviews/Dolphin-Nautilus-Titan,/reviews/Dolphin-Nautilus-Titan
https://www.the-pool-lab.com/reviews/Hayward-SharkVac-XL,https://www.the-pool-lab.com/reviews/Hayward-TigerShark-QC,/reviews/Hayward-TigerShark-QC
https://www.the-pool-lab.com/reviews/Hayward-SharkVac-XL,https://www.the-pool-lab.com/reviews/Dolphin-Nautilus-Titan,/reviews/Dolphin-Nautilus-Titan
https://www.the-pool-lab.com/reviews/Hayward-W3PVS20JST-Poolvergnuegen,https://www.the-pool-lab.com/,/
https://www.the-pool-lab.com/reviews/Hayward-W3PVS20JST-Poolvergnuegen,https://www.the-pool-lab.com/,/
https://www.the-pool-lab.com/reviews/Hayward-W3PVS20JST-Poolvergnuegen,https://www.the-pool-lab.com/reviews,/reviews
https://www.the-pool-lab.com/reviews/Hayward-W3PVS20JST-Poolvergnuegen,https://www.the-pool-lab.com/best-of,/best-of
https://www.the-pool-lab.com/reviews/Hayward-W3PVS20JST-Poolvergnuegen,https://www.the-pool-lab.com/guides,/guides
https://www.the-pool-lab.com/reviews/Hayward-W3PVS20JST-Poolvergnuegen,https://www.the-pool-lab.com/about,/about
https://www.the-pool-lab.com/reviews/Hayward-W3PVS20JST-Poolvergnuegen,https://www.the-pool-lab.com/reviews/Pentair-Prowler-930,/reviews/Pentair-Prowler-930
https://www.the-pool-lab.com/reviews/Hayward-W3PVS20JST-Poolvergnuegen,https://www.the-pool-lab.com/reviews/Hayward-TigerShark-QC,/reviews/Hayward-TigerShark-QC
https://www.the-pool-lab.com/reviews/Pentair-Prowler-930,https://www.the-pool-lab.com/,/
https://www.the-pool-lab.com/reviews/Pentair-Prowler-930,https://www.the-pool-lab.com/,/
https://www.the-pool-lab.com/reviews/Pentair-Prowler-930,https://www.the-pool-lab.com/reviews,/reviews
https://www.the-pool-lab.com/reviews/Pentair-Prowler-930,https://www.the-pool-lab.com/best-of,/best-of
https://www.the-pool-lab.com/reviews/Pentair-Prowler-930,https://www.the-pool-lab.com/guides,/guides
https://www.the-pool-lab.com/reviews/Pentair-Prowler-930,https://www.the-pool-lab.com/about,/about
https://www.the-pool-lab.com/reviews/Pentair-Prowler-930,https://www.the-pool-lab.com/reviews/Dolphin-Nautilus-Titan,/reviews/Dolphin-Nautilus-Titan
https://www.the-pool-lab.com/reviews/Pentair-Prowler-930,https://www.the-pool-lab.com/reviews/Polaris-9650iQ-Sport,/reviews/Polaris-9650iQ-Sport
https://www.the-pool-lab.com/reviews/Aiper-Scuba-S1,https://www.the-pool-lab.com/,/
https://www.the-pool-lab.com/reviews/Aiper-Scuba-S1,https://www.the-pool-lab.com/,/
https://www.the-pool-lab.com/reviews/Aiper-Scuba-S1,https://www.the-pool-lab.com/reviews,/reviews
https://www.the-pool-lab.com/reviews/Aiper-Scuba-S1,https://www.the-pool-lab.com/best-of,/best-of
https://www.the-pool-lab.com/reviews/Aiper-Scuba-S1,https://www.the-pool-lab.com/guides,/guides
https://www.the-pool-lab.com/reviews/Aiper-Scuba-S1,https://www.the-pool-lab.com/about,/about
https://www.the-pool-lab.com/reviews/Aiper-Scuba-S1,https://www.the-pool-lab.com/reviews/Aiper-Seagull-Pro,/reviews/Aiper-Seagull-Pro
https://www.the-pool-lab.com/reviews/Aiper-Scuba-S1,https://www.the-pool-lab.com/reviews/Dolphin-Nautilus-CC-Plus,/reviews/Dolphin-Nautilus-CC-Plus
https://www.the-pool-lab.com/reviews/Aiper-Seagull-Pro,https://www.the-pool-lab.com/,/
https://www.the-pool-lab.com/reviews/Aiper-Seagull-Pro,https://www.the-pool-lab.com/,/
https://www.the-pool-lab.com/reviews/Aiper-Seagull-Pro,https://www.the-pool-lab.com/reviews,/reviews
https://www.the-pool-lab.com/reviews/Aiper-Seagull-Pro,https://www.the-pool-lab.com/best-of,/best-of
https://www.the-pool-lab.com/reviews/Aiper-Seagull-Pro,https://www.the-pool-lab.com/guides,/guides
https://www.the-pool-lab.com/reviews/Aiper-Seagull-Pro,https://www.the-pool-lab.com/about,/about
https://www.the-pool-lab.com/reviews/Aiper-Seagull-Pro,https://www.the-pool-lab.com/reviews/Aiper-Scuba-S1,/reviews/Aiper-Scuba-S1
https://www.the-pool-lab.com/reviews/Aiper-Seagull-Pro,https://www.the-pool-lab.com/reviews/Dolphin-Premier,/reviews/Dolphin-Premier
https://www.the-pool-lab.com/reviews/BWT-Pool-Robot-ES-Nano,https://www.the-pool-lab.com/,/
https://www.the-pool-lab.com/reviews/BWT-Pool-Robot-ES-Nano,https://www.the-pool-lab.com/,/
https://www.the-pool-lab.com/reviews/BWT-Pool-Robot-ES-Nano,https://www.the-pool-lab.com/reviews,/reviews
https://www.the-pool-lab.com/reviews/BWT-Pool-Robot-ES-Nano,https://www.the-pool-lab.com/best-of,/best-of
https://www.the-pool-lab.com/reviews/BWT-Pool-Robot-ES-Nano,https://www.the-pool-lab.com/guides,/guides
https://www.the-pool-lab.com/reviews/BWT-Pool-Robot-ES-Nano,https://www.the-pool-lab.com/about,/about
https://www.the-pool-lab.com/reviews/BWT-Pool-Robot-ES-Nano,https://www.the-pool-lab.com/reviews/Aiper-Seagull-Pro,/reviews/Aiper-Seagull-Pro
https://www.the-pool-lab.com/reviews/BWT-Pool-Robot-ES-Nano,https://www.the-pool-lab.com/reviews/Dolphin-Nautilus-CC-Plus,/reviews/Dolphin-Nautilus-CC-Plus
https://www.the-pool-lab.com/reviews/Beatbot-AquaSense-2,https://www.the-pool-lab.com/,/
https://www.the-pool-lab.com/reviews/Beatbot-AquaSense-2,https://www.the-pool-lab.com/,/
https://www.the-pool-lab.com/reviews/Beatbot-AquaSense-2,https://www.the-pool-lab.com/reviews,/reviews
https://www.the-pool-lab.com/reviews/Beatbot-AquaSense-2,https://www.the-pool-lab.com/best-of,/best-of
https://www.the-pool-lab.com/reviews/Beatbot-AquaSense-2,https://www.the-pool-lab.com/guides,/guides
https://www.the-pool-lab.com/reviews/Beatbot-AquaSense-2,https://www.the-pool-lab.com/about,/about
https://www.the-pool-lab.com/reviews/Beatbot-AquaSense-2,https://www.the-pool-lab.com/reviews/Aiper-Seagull-Pro,/reviews/Aiper-Seagull-Pro
https://www.the-pool-lab.com/reviews/Beatbot-AquaSense-2,https://www.the-pool-lab.com/reviews/Dolphin-Sigma,/reviews/Dolphin-Sigma
https://www.the-pool-lab.com/guides/maintenance-care,https://www.the-pool-lab.com/,/
https://www.the-pool-lab.com/guides/maintenance-care,https://www.the-pool-lab.com/,/
https://www.the-pool-lab.com/guides/maintenance-care,https://www.the-pool-lab.com/reviews,/reviews
https://www.the-pool-lab.com/guides/maintenance-care,https://www.the-pool-lab.com/best-of,/best-of
https://www.the-pool-lab.com/guides/maintenance-care,https://www.the-pool-lab.com/guides,/guides
https://www.the-pool-lab.com/guides/maintenance-care,https://www.the-pool-lab.com/about,/about
https://www.the-pool-lab.com/guides/maintenance-care,https://www.the-pool-lab.com/guides,/guides
https://www.the-pool-lab.com/guides/cleaning-operation,https://www.the-pool-lab.com/,/
https://www.the-pool-lab.com/guides/cleaning-operation,https://www.the-pool-lab.com/,/
https://www.the-pool-lab.com/guides/cleaning-operation,https://www.the-pool-lab.com/reviews,/reviews
https://www.the-pool-lab.com/guides/cleaning-operation,https://www.the-pool-lab.com/best-of,/best-of
https://www.the-pool-lab.com/guides/cleaning-operation,https://www.the-pool-lab.com/guides,/guides
https://www.the-pool-lab.com/guides/cleaning-operation,https://www.the-pool-lab.com/about,/about
https://www.the-pool-lab.com/guides/cleaning-operation,https://www.the-pool-lab.com/guides,/guides
https://www.the-pool-lab.com/guides/buying-guides,https://www.the-pool-lab.com/,/
https://www.the-pool-lab.com/guides/buying-guides,https://www.the-pool-lab.com/,/
https://www.the-pool-lab.com/guides/buying-guides,https://www.the-pool-lab.com/reviews,/reviews
https://www.the-pool-lab.com/guides/buying-guides,https://www.the-pool-lab.com/best-of,/best-of
https://www.the-pool-lab.com/guides/buying-guides,https://www.the-pool-lab.com/guides,/guides
https://www.the-pool-lab.com/guides/buying-guides,https://www.the-pool-lab.com/about,/about
https://www.the-pool-lab.com/guides/buying-guides,https://www.the-pool-lab.com/guides,/guides
